city,names,last_name
Xinlin,Bev,Tomaselli
Bonga,Celesta,Gradon
Eastern Suburbs Mc,Raymond,Rimington
Benito Juarez,Misty,Paal
Straszydle,Bear,Shipcott
Knurów,Ingrid,Claesens
Sakākā,Dud,MacEntee
Porto Velho,Braden,Bruckmann
Druzhny,Theodor,Throssell
Nikitinskiy,Reinaldo,Scone
Jelah,Somerset,Garvagh
Caoping,Clerkclaude,Bogue
Cañas,Pierson,Dory
Warungawi,Shae,Selman
Kizlyar,Owen,Holgan
Zürich,Tiler,Waszczyk
Severoural’sk,Ermina,Sture
Laowobao,Olwen,Hellewell
Yŏng-dong,Nelli,Alentyev
Rovnoye,Karoly,Boniface
Shenavan,Harvey,MacCorkell
Ibiporã,Ingram,Frood
Zarya,Danie,Engley
Yuanqian,Jesselyn,Mitkcov
General Lavalle,Dody,Ottee
Salimbao,Mattheus,Doley
Smiths Falls,Gaynor,Whymark
San Teodoro,Andrea,Vedyasov
Óbidos,Tiffy,Brimfield
Lampa,Bailie,Camings
Keroak,Flinn,Aleixo
Pasirmukti,Zita,Geipel
Soio,Bengt,Poncet
Lethem,Othelia,Clayborn
Dortmund,Tiler,McAlees
Xinkaikou,Conn,Norheny
Fuyo,Zonda,Corran
Kumanis,West,Fulbrook
General Enrique Godoy,Nerti,Crosham
Tongbang,Pren,Sutterfield
Tongren,Nicoline,Keal
Njurunda,Timothea,Oddboy
Lüfeng,Stuart,Scarff
Tierra y Libertad,Bearnard,Clemensen
Gitega,Priscella,Parkyn
Quesada,Cherilyn,Conew
Roanne,Avictor,Cash
Kalchevaya,Bobbe,Mussilli
Xiatuanpu,Cory,Livingstone
Lavras da Mangabeira,Dorothy,Alldis
Montrouge,Witty,Elden
Uddevalla,Mimi,Beazer
Batangan,Padriac,Croneen
Sukasari,Minne,Mulvihill
Kirtipur,Lusa,Kenewel
Kamenický Šenov,Artair,Potebury
Morteros,Agna,Greswell
Boulemane,Celestina,Torregiani
Ushirombo,Daisi,McMearty
Dome,Wallas,McConigal
Le Blanc-Mesnil,Rora,Stonehouse
Pacaycasa,Maynord,Wingeatt
Qŭshkŭpir,Erastus,Brigstock
Goléré,Neron,Robelet
Matão,Lani,Mullord
Périgueux,Gilberto,Advani
Lonpao Dajah,Thor,Kayley
Libei,Brion,Clift
Lianjiangkou,Christie,Grasner
Huntsville,Magdalene,Dwane
Wiwilí,Tallulah,Ruck
Waepana,Hildegarde,Disney
Tymbark,Jason,Levine
Rostock,Rochelle,Elias
Emiliano Zapata,Cord,Bone
Vesele,Tracy,Malamore
Chipaque,Augie,Menear
Ondoy,Mohandas,Winkett
Mâcon,Lynne,Bechley
Palikir - National Government Center,Filberto,Pesik
Nangong,Scarlet,Toyne
Bitung,Arther,Vasyutkin
Yeri,Yolande,Perkis
Zibreira,Diahann,Crichmer
Batabanó,Baillie,Nanuccioi
Solntsevo,Jimmie,Hauxby
Dūst Moḩammad Khān,Kinny,Ovize
Sunan,Artemas,Dionisi
Faraulep,Andie,Cowterd
Iniö,Danyette,Janusik
Wręczyca Wielka,Mannie,Klebes
Montes Claros,Lenna,Fessions
Duri,Maurise,Hobbert
Vrané nad Vltavou,Ilsa,Felten
Bhola,Patricia,Reynold
Yushan,Peterus,Alban
Kokop,Candi,Kippling
San Bernardino,Frederigo,Klaesson
Vicente Guerrero,Ebony,Gutierrez
Al ‘Ashshah,Ted,Blackburne
Bayt Ūlā,Valencia,Tinghill
Zahlé,Happy,McCrohon
Utajärvi,Lewie,Weinberg
Chernyanka,Katina,Hanby
Yawata,Beatrix,Ramsted
Bourg-lès-Valence,Carolin,Millberg
Shima,Xenos,Krysztofowicz
Kosamphi Nakhon,Yard,Flear
Jin’e,Calypso,Wightman
Wencheng,William,Fullwood
Huancarqui,Sherri,Vittle
Kupiskis,Archie,Dalgarnocht
Muzi,Claudine,Calafate
Minneapolis,Urbanus,Nichols
Manila,Ashien,Whaley
Béré,Zachary,Haith
Mandiana,Odella,McCuthais
Kanoni,Martynne,Shevell
Bang Mun Nak,Pierson,Oswald
Chang’an,Kellia,Betke
Koch'ang,Darbee,Horlock
Brodek u Přerova,Wilfred,Sturgess
Dujiajing,Joanie,Northleigh
Gwandu,Artair,Mancktelow
Safi,Angelo,Auchinleck
Ujung Gading,Audi,Levey
Kitahama,Prentiss,Daft
Heshui,Tommy,Riddles
Kiernozia,Clement,Le Prevost
Thị Trấn Bình Mỹ,Willetta,Rope
Moshkovo,Tatiania,Biddwell
Xixi,Caesar,Ketchen
Kuroishi,Merv,Buttress
Kozyatyn,Whitney,Klimpke
Limín Khersonísou,Baudoin,Ducaen
Qingzhou,Levon,Munden
Kobelyaky,Wilbur,De Giorgis
Sv. Anton,Yolande,Marr
Bayan Huxu,Kacy,Mc Meekin
Tal’ne,Barnaby,Gallyhaock
Nyalindung,Simmonds,Brownlee
Monino,Glennie,Giddy
Jiuhua,Nita,Hubbocks
Semënov,Issie,Goodanew
Nanjie,Kalli,Kuhnert
Shishan,Charlene,Llewellen
Henghe,Bibby,Laurentin
Suchy Las,Quent,King
Lashma,Colly,Parbrook
Gengwan,Broddie,Cammiemile
Shaxi,Lelah,Butrimovich
Duobagou,Linn,Rawlins
Nizwá,Kenny,Terren
Triesenberg,Alameda,Chazier
Tottori,Jourdain,Menier
Jiuxian,Kirbee,Heck
Kitwe,Robinet,Stibbs
Dindima,Aloin,Dono
Koslan,Wendall,McOrkill
Cabeças Verdes,Onfre,Domenici
La Esmeralda,Barnabe,Menauteau
Balyaga,Donall,Bleasby
Patimuan,Nichole,Lancaster
Mocun,Ogden,Backman
Huilong,Ozzie,O'Dyvoie
Maïné Soroa,Langsdon,Abazi
Wailiang,Olin,Wiley
Cabalaoangan,Shirl,Erlam
Corga,Jaquenette,Seebright
Minneapolis,Brandais,MacFadyen
Shardara,Barn,Harsant
Inayauan,Merla,Duetschens
Quxi,Kania,Pontain
Azenha,Denys,Toombs
Pedregal,Kristel,Buckhurst
Cisarap,Jacobo,Gallihaulk
Granada,Margarita,Bethel
Uppsala,Kali,Beagen
Shuiyang,Peder,Newlyn
Wanurian,Nickolai,Mitchall
Shibli,Jocelyn,Eyree
Bodeh,Daron,Palley
Saijō,Lyle,Doblin
Sitovo,Abagail,Penhale
Spétses,Morie,Lambdon
Dehui,Darbie,Jaspar
Sukarara Utara,Viki,Welman
Opi,Bobbie,Matson
Zherdevka,Sutherlan,Gimblet
Ampelókipoi,Pernell,Messum
Islamey,Toma,O'Sirin
Kveda Chkhorots’q’u,Christina,Trenbey
Diaowei,Marcela,Dobrowski
Puncaksari,Joelynn,Didball
Boguchwała,Tito,Nisard
Dukoh,Karna,Zannetti
Vovchans’k,Chrisse,O'Geneay
Opatovice nad Labem,Evvie,Arnaldo
Petroúpolis,Dorey,Bruneton
Lorraine,Page,Halwill
Goya,Gardy,Likly
Banqiao,Auroora,Sex
Pongkor,Jeromy,Janas
Balky,Isabel,Fibbings
‘Ayn al ‘Arab,Clarinda,Lipgens
Dobrovo,Misti,Ubank
Zoetermeer,Laney,Cattonnet
Muleng,Astrix,Sollars
Tobelo,Kippy,Surgey
Venda Nova,Moishe,Amberson
Perstorp,Jerry,Lukacs
Piedecuesta,Margot,Hazeman
Muara,Gradey,Baradel
Haramgai,Ermanno,Leon
Fontenay-sous-Bois,Lulita,Torrie
Cabanbanan,Urbano,Skahill
Sofiyivka,Loralyn,Rosellini
Barili,Celia,Breydin
Yanji,Beverie,Idill
Peña,Skippy,Elger
Los Cedrales,Siffre,McElane
Kasongo,Vicky,Rosenauer
Nālūt,Sella,Ludlam
Cential,Gregorius,Caillou
Buaran,Dallon,Pitrollo
Castanheira do Campo,Amelia,Kurt
Ouyang,Debbi,Stoneley
Tipitapa,Viva,Berni
Hezuoqiao,Trixy,Hegg
Dalamdesa Kalapadua,Emmey,Attenbarrow
Gudja,Teodora,Helks
Wenhe,Geno,Barkhouse
Dalonghua,Stanleigh,Manton
Resistencia,Zach,Brakewell
Juuka,Lira,Lorenzetti
Hasuda,Patin,Brambley
Lyudinovo,Kristal,De Vile
Stupino,Gwenneth,Genicke
Kovrov,Gerry,Vonderdell
Varberg,Burg,Britian
Seixo de Manhoses,Gianna,Tindley
Chaupimarca,Rubetta,McDell
Pedra,Reynolds,Franklin
Bīrganj,Orella,Gebby
Hagonoy,Sherrie,Wand
Bodø,Godard,Anders
Koupéla,Tucker,McKimmey
Gambalidio,Bartlet,Clandillon
Okayama-shi,Briana,Brandt
Dongba,Torrey,Bounde
Nago,Johnnie,Brenard
Jasień,Der,Spir
Gludug,Lisbeth,Ghiron
Atescatempa,Alia,Godsell
Idanre,Lief,Duly
Obo,Star,Tomblett
Brok,Alano,Cato
Denver,Irita,Henfre
Bom Jesus da Lapa,Mickie,Donegan
Vitoria-Gasteiz,Derry,Clemow
Nuasepu,Linoel,Loadman
Flórina,Dominica,Parman
Lomba,Salvador,Youngs
Mannheim,Trudy,Borghese
Radzanów,Jacquelynn,Tallach
Bairro de Santo António,Coretta,Varren
Dzięgielów,Gennie,Vineall
Tân Hiệp,Adoree,Mayhou
Beiwucha,Maryl,Jenkison
Shchëkino,Balduin,Bartleet
Parista,Jase,Pentecost
Hulutao,Gerianna,Tollerfield
Jiaqiao,Lianna,Shergill
Tamboril,Glyn,Stannis
Golug,Nils,Izachik
London,Euell,Nell
Rodolívos,Chanda,Embury
Annapolis,Sayer,Tomson
Ubatã,Rosemarie,Salt
San Antonio,Coraline,Roostan
Kanshi,Corrinne,Worviell
Bergen,Nikos,Croci
Uyutne,Rosana,Tomkinson
Parachinar,Kat,Gavahan
Pskov,Auria,Fleisch
Chengdong,Rodd,Seebert
Muara Siberut,Leah,Mathey
San Marcelino,Corliss,Kinvan
Sambong,Waldon,Drinkhill
Krajan Kerjo,Rem,Tupie
Krajan Menggare,Kimball,Houlston
Panaytayon,Steffane,Shrimptone
Moriyama,Con,Soldner
Charlemagne,Bernard,Bury
Knoxville,Conny,Bullocke
Semypolky,Billy,Lacaze
Philadelphia,Meir,Player
Hengshi,Heath,Merryman
Lizhuangzi,Edin,Winslade
Kidričevo,Hiram,Parvin
Guéret,Johannah,Deeks
Seremban,Cullin,Phonix
Ebu,Daryn,todor
Puerto Francisco de Orellana,Megan,Sired
Bellavista,Lazarus,Saltman
Nan,Georgy,Clyne
Yanwo,Devy,Reimer
Petaling Jaya,Sukey,Taveriner
Wufu,Cad,Bantham
Ōyama,Ellsworth,Riddler
Pangrumasan,Zachary,Scarth
Cabalaoangan,Patricia,Okell
Pingdi,Charla,MacDaid
Futuroscope,Marylin,Hember
Jiutai,Mickie,Biaggi
Cabano,Betta,Lingner
Santo Antônio de Jesus,Shoshanna,Dellenbrook
Vukatanë,Emery,Lamcken
Cikadu,Madeline,Matzke
New Bedford,Sharity,Bagworth
Amiens,Pincas,Joselevitz
Gogaran,Reggis,Gasticke
Lankaran,Scarlet,Itzkovich
Ekerö,Abelard,Sisey
Penanggungan,Dena,Wilmore
Gar,Ingeberg,Timberlake
Santo Tomas,Maribeth,Stroyan
Dzików Stary,Alfredo,Greensitt
Qala i Naw,Thomasine,Lambotin
Xiagang,Nicol,Blindmann
Hrazdan,Ashlen,Illem
Zhagang,Cara,Oxtarby
Kandhkot,Shannan,Fawltey
Binagadi,Fin,Tilbury
Sogcho,Christan,Folliss
Bodø,Powell,Ticehurst
Casal de Cambra,Auberta,Eaves
Al Ḩarajah,Patrizia,Brittan
Kaura Namoda,Dud,Beville
General Viamonte,Clerkclaude,Gainsbury
Sekolan,Clive,Beekman
Olupona,Ruthie,Meagh
Yangzhuang,Marja,Mabbe
Kota Kinabalu,Willyt,Trew
Chengnan,Hunter,Wroe
Hengyang,Andromache,Guisot
Cabodiongan,Mitzi,Bahike
Lintan Chengguanzhen,Tammie,Tiron
Al Tuḩaytā’,Bobbie,Pladen
Yingchengzi,Fleurette,Board
Baganha,Bailie,Rittmeier
Urechcha,Clarissa,Tanzig
Hiseti,Dorise,Astill
Naifalo,Konstance,Giacometti
Repentigny,Sunshine,Pagelsen
Cachoeirinha,Kali,Stanley
Castelo,Ulick,Leathe
Châu Thành,Jelene,Nan Carrow
Sumanding,Rodney,Markwelley
Czerwonak,Rustin,Nuttall
Xinle,Jasen,Luno
Dumingag,Essy,Daniell
Calheta,Annmarie,Ottery
Xiaodukou,Ana,Scutter
Despotovac,Beverlee,Polding
Adjumani,Aurilia,Allchorne
Ifanes,Yvette,Dodman
Konsoy,Samson,Village
Veltruby,Betteanne,Gillam
Zhongxin,Pietra,Byrde
Ramalhal,Wynny,Kembry
Nuevo Emperador,Free,Sincock
Orlândia,Nalani,Balmer
Prochowice,Angelia,Boldecke
Telbang,Moria,Kenealy
Awsīm,Lorrie,Androletti
Cikupa,Inglis,Carver
Calasgasan,Humfrid,Blackaby
Daping,Frasco,Kenewel
Žatec,Shermy,Goold
Madagali,Davina,Shekle
Murindó,Ignaz,Saggers
Bo Kluea,Millie,Gusney
Saint-Leu-la-Forêt,Ambrosius,Hurl
Ambelókipoi,Violante,Cullington
Dashtobod,Filberte,Vivyan
Dzel,Neel,Douce
Haugesund,Gavra,Corless
Karnice,Drona,Mellmoth
Tríkeri,Murvyn,Iacomelli
Tsukumiura,Cash,Yegorshin
Sajia,Edithe,Newcom
Maishi,Faye,Cottee
Luzon,Grove,Bertome
Malakhovka,Basil,Sacaze
Tambangan,Vin,McGahey
Maskinongé,Rudolph,Burnsell
Kyllíni,Elnar,MacLese
Zhongguan,Jennie,Dashper
Giawang,Glory,Himsworth
Patambuco,Dyana,Salvador
Marigot,Heidie,Twiggs
Urrao,Christie,Tittletross
Suhopolje,Annora,Westmarland
Rozhnyativ,Brande,Tschierse
Partizan,Daphne,Neill
Luzhou,Read,Sandison
Mahaddayweyne,Adrian,Serjeant
Varazqān,Krystyna,Lakes
Pontarlier,Hazel,Matz
Alarobia,Mufi,Hulls
Meru,Reagen,Gude
Nanxing,Goran,Syvret
Maoshan,Artie,Gregoriou
Zhong’an,Allissa,Mieville
Kangxung,Juliette,Stonnell
Adygeysk,Lambert,Yeulet
Nang Rong,Euell,Halversen
Salon-de-Provence,Freda,Legg
Sheffield,Alwin,Pigny
Buyant,Tamas,Donnison
Gibbons,Janeta,Turbayne
Podkumskiy,Gennifer,Matzeitis
Merdeka,Ronny,Ballinghall
Alkmaar,Dasha,Grigoryov
Dongke,Lucien,California
La Unión,Field,McCrea
Karakol,Nadine,Speddin
Pa Kham,Lorettalorna,Sousa
Setúbal,Patrice,Catteroll
Shanshu,Brucie,Gabe
Longhe,Tome,McGarrie
Makar’yev,Chickie,Walshe
Sallanches,Langston,Targe
Dashiren,Vidovic,Roots
Gorang,Lauraine,de Glanville
Bantu,Holly-anne,Pfaff
Shuangxi,Dreddy,Jeness
Jilin,Janelle,Roydon
Delray Beach,Sergeant,Cronkshaw
Rybinsk,Maryl,Drees
Santa Catalina,West,Busfield
Chicago,Magdaia,Magill
Armenia,Harriette,Rayworth
Boro,Aristotle,Apfelmann
Valašská Bystřice,Hyacinthie,Ranald
Velikiy Ustyug,Octavius,Haffard
Warudoyong,Simon,MacKee
Marieville,Colas,Clemanceau
Valparaíso,Stacey,Richardsson
Girang,Valera,Ahren
Rakvere,Gale,Batey
Stavanger,Obadiah,Brotherick
Velké Němčice,Lloyd,Lethley
Thành Phố Ninh Bình,Barri,Symmons
Mhlambanyatsi,Marabel,Parslow
Nuevo Chamelecón,Decca,Safhill
Santo Isidro,Barton,Littley
Liushutun,Koralle,Gilstin
Amieiro,Myles,Piddlehinton
Fengcheng,Julina,Joberne
Manta,Arabelle,Dutson
Jetis,Maria,McColm
Tromsø,Saba,McCaffrey
Oslo,Perren,Doone
København,Andy,Beautyman
Agía Varvára,Marylin,Ubee
Petropavlovsk,Norma,Wilman
Ingenio,Henderson,Flecknell
Tirapata,Colin,Assinder
Puerto Francisco de Orellana,Karita,Bonhomme
Jalālpur,Quintina,Durbridge
Wleń,Haven,Bromehead
Langford,Esdras,Teenan
Cipasung,Bald,Burg
Idanha-a-Nova,Any,Kimber
Sidomulyo,Shalne,Godly
Thika,Darsie,Sabathe
Les Clayes-sous-Bois,Christophe,Fance
Singa,Clarabelle,Stitcher
Porsgrunn,Freddi,Granham
Zhoutian,Belia,Laity
Kiruna,Ardra,Pawelski
Zerok-Alakadari,Kalil,Kears
Gennevilliers,Abigail,Kira
Huacao,Saloma,Rugiero
Mandōl,Jeanna,Haselup
Cestas,Kania,Ely
Hepingjie,Tomlin,Obert
Coroatá,Marietta,Wessel
Zhangjiayuan,Ive,Tuft
Kebon Tengah,Valli,Keedy
Cigembong,Adriane,Whopples
Nangewer,Cathie,Janicijevic
Bel Air Rivière Sèche,Zaria,Millions
Minūf,Stephanus,Moakson
Sillamäe,Ninon,Penchen
Piojó,Bernarr,Ramsey
Domaradz,Michail,McPhelim
Ocucaje,Cecile,Cull
Tagbilaran City,Danielle,Oxton
Burgersfort,Tiffie,Sinton
Norrköping,Zachary,Birkmyre
Salavat,Glenda,Iacovino
Glória do Goitá,Carmelina,Domsalla
Rönninge,Raoul,Biggadyke
São Bartolomeu,Arlee,Coade
Greensboro,Vern,Di Lucia
San Agustín Acasaguastlán,Lindi,Robillard
Jiekeng,Jonathon,Payn
Retreat,Talbert,Foro
Simuay,Ludovico,Shuttleworth
Nieuw Nickerie,Skyler,Eake
Lindome,Oliver,Finlow
Dalumangcob,Dagmar,Aaron
Cincinnati,Ernst,Wetherald
Krutaya Gorka,Louella,Smoth
Huicheng,Valentine,Hutton
Stuttgart,Allen,Corsor
Haoshui,Coralyn,Stride
Calumpang,Lelia,de Guerre
Laojiangjunjie,Dur,Duncanson
Hongwei,Anthe,Edland
Chenji,Marybeth,Stoite
Wushan,Davidde,Elward
Bedalewun,Willyt,Breawood
Hutou,Dolli,Cunrado
Clermont-Ferrand,Mathe,Domenichelli
Oehaunu,Edwin,Hefner
Xin’an,Muffin,Mound
Gao,Feliks,Goodby
Bourges,Haily,Baniard
Haiyu,Natasha,Crighton
Lyon,Cally,Mazzeo
Kroya,Myra,Henriques
Embarcación,Cynthy,Mullinder
Comitancillo,Rosalie,Jaher
Ljusdal,Yuma,Woolvett
Gununglarang,Artemus,Card
Borås,Yul,Cheesman
Hekou,Shay,Boggis
Sosnowiec,Marjie,Joslin
Hukeng,Romona,Jobes
Panyingkiran,Else,Fantin
Lavezares,Biddie,Spurryer
Suyang,Eleonore,Donan
Nantes,Mikol,Minnette
Лабуништа,Jenna,Eble
Anguera,Torey,Pashler
Al Kittah,Cynthie,Barens
Aykhal,Helaina,de Juares
Ketian,Abba,Kullmann
Alor Setar,Neille,Tewkesbury.
San Jose,Raffaello,Bento
Idanre,Samaria,Tonbridge
Trzcinica,Luce,Tilford
Doba,Gerri,Ferriere
San Juan,Olly,MacElholm
Jinjiahe,Sibby,Ness
Nouaseur,Rheta,Skewis
North Shore,Jimmie,Sculley
Rencun,Jenda,Stockney
Shi’ao,Brooks,Farraway
Mataya,Morissa,Byforth
Coronda,Murvyn,Wegener
Beicheng,Vivian,Gresley
Teroual,Willamina,Wisby
Zongzhai,Osbourne,Richardes
Llipa,Eb,Belitz
Tairan Camp,Nyssa,Rew
Bambas,Dante,Banthorpe
Yumbo,Krispin,Armstead
Saltpond,Lenard,McKenny
Shahrak-e Bākharz,Sharyl,Dickinson
Norrköping,Jabez,Billingham
Liliba,Sher,Truss
Mosteiros,Ilyssa,Damato
Baratleke,Mel,Lorenzo
Xiying,Cassandry,Marston
Sukaraja,Graehme,Becraft
Ziębice,Nolana,Giacoboni
Sokobanteng,Dylan,Tulip
Las Varas,Dulsea,Serman
Nantang,Kaleb,McConachie
Bosilovo,Lotti,Manjot
Nanhe,Urbain,Bonelle
Guapimirim,Veradis,Jacquemot
Dingchang,Nelly,Whistance
Chahār Burj,Timothea,Barrat
Cikai,Noach,Kiely
Sơn Trà,Cherye,Alejo
Murygino,Madeleine,Bezarra
Estancia,Lois,Emblin
Sakata,Jeniffer,Anfosso
Batumi,Lyon,Blow
Dasha,Dov,Brizland
Hāgere Hiywet,Aindrea,Ginni
Bagani,Benedict,Prescote
Wasogolo,Corbie,Jakel
Samokov,Fiann,Arnason
San José de Barlovento,Lanna,Ropking
Puan Selatan,Iseabal,Camock
Oefatu,Gweneth,Kondratyuk
Nereta,Carine,Roderham
Charleroi,Easter,Sutliff
Jesús María,Tilda,Vear
Kota Bharu,Elva,Lardier
Sendang,Diena,Edgecombe
Liwu,Ave,Jenyns
Täby,Ruben,Jesse
Xilin,Hyacinthie,Calkin
Abadou,Hieronymus,Grishaev
Prey Veng,Crissy,Whatmough
Oslo,Mariam,Hayes
Belyayevka,Hube,Marishenko
Bulls,Delia,Etheridge
Fuerte,Carina,Ruckhard
Tahilt,Lurleen,Cudworth
Pitkyaranta,Johan,Borkett
Zarya,Nollie,Vannucci
Nezvěstice,Skipton,Whotton
Ghayl Bā Wazīr,Alidia,Tilne
Yanfolila,Elonore,Kuhnke
Täby,Alric,Tesimon
Ukhta,Jakob,Duignan
München,Garold,Winter
Qumudi,Luke,Thornborrow
Hucheng,Daren,Frankema
Minapan,Vivyan,Straneo
Wenping,Lorain,McBratney
Dingdian,Griswold,Robben
Dolní Bojanovice,Jaynell,Esposi
Palmasola,Elsi,Fadell
Konosha,Anselm,Gilders
Khiv,Curry,Abbiss
Toila,Letti,McDuffie
Chŏngju,Rahal,Consterdine
Arroyo Naranjo,Ettie,Curle
Acandí,Lucy,Dodell
Xinglong,Zedekiah,Messom
Ngroto,Leora,Petrozzi
Na Di,Modesty,Bucham
Sandnes,Aretha,Gaydon
General Levalle,Chloette,Grayshan
Narathiwat,Thurston,McDougald
Karangpocok,Roxi,Vashchenko
Soure,Wain,Douglass
Marisol,Trista,Longfoot
Ecilda Paullier,Gonzalo,Clorley
Iitti,Deane,Bowmen
Clondalkin,Blondy,Marcone
Nha Trang,Carline,Ewbach
Trzebnica,Dar,Clifft
Falun,Jenna,Philpots
Donskoye,Abey,Huban
Támara,Sigismund,Moehler
Masaya,Joly,Maunder
Farafangana,Shea,Siney
Namling,Paddie,Hebburn
Chon Daen,Mart,Johantges
Sidi Redouane,Jennie,Soans
Al Jaghbūb,Donia,Sheldon
Karantaba,Shelden,Babalola
Aricagua,Paxton,Jakubski
Rey,Charmine,Heynel
Gimcheon,Min,Adney
Halle,Novelia,Clawley
Mullagh,Becka,Vanderson
Lunang,Clem,Cockerell
Krasnyye Barrikady,Hansiain,Pedwell
Pecna,Alice,Guthrie
Lindavista,Sid,Cuncliffe
Nevesinje,Mil,Woolston
Sujji,Thorsten,Jarnell
Hukeng,Gunter,Pepis
Leworook,Oralia,Gierke
Santa Catarina Ixtahuacán,Jeddy,Grayston
Guadalupe,Randi,Butchers
Ngondokandawu,Marve,Tomaszynski
Hŭngju-dong,Durward,Strutley
Bīr Zayt,Dominick,Whitnall
Morón,Broddy,Johnsey
Wanglian,Akim,Zelley
Gelin,Olive,Nurse
Velyka Mykhaylivka,Poppy,Sherman
Stockholm,Clark,Siward
General Alvear,Ardath,Tudge
Shangdongjie,Aimee,Tutchener
Rixi,Danyelle,Valsler
Bonik,Renelle,Faro
Piasek,Saul,Rangle
Petro-Slavyanka,Arni,Sallings
São Bento do Sul,Cosetta,Cush
Sịa,Dorine,Vasyuchov
Sabunçu,Ken,Kondrachenko
Ábrego,Ulysses,Voysey
Santo Domingo,Sibilla,Cogar
Troyes,Kalie,Phateplace
Xumai,Dorita,Carnoghan
Fāraskūr,Hansiain,Brabbins
Jistebník,Tandi,Beahan
Brataj,Brody,Brockway
Zhendeqiao,Johanna,Iacovacci
Aija,Royal,Gosdin
Fort Macleod,Ernaline,Gertz
Shanghuang,Hazlett,Lukash
Tangnanzhen,Krystal,Martinie
Rijau,Bartolomeo,Mosby
Pinellas Park,Rolando,Breawood
Nisí,Lonni,Jehu
Vũ Quang,Vannie,Karoly
Guimarães,Alisha,Leadstone
Aravissós,Sumner,Delph
Łąka Prudnicka,Leyla,Copperwaite
Hewan,Brynne,Sreenan
Janas,Kathrine,Darragh
Žlutice,Karia,Kew
Siemiechów,Alfie,Sayce
Az Ziyārah,Petr,Birchett
Dayangqi,Lilith,Dank
Jiangqiao,Nikolia,McWhan
Ait Ali,Mikol,Petzolt
Cisalak,Anatole,Risman
Kribi,Fanny,Golland
Skýros,Rodi,Wellbeloved
Sumurgayam,Deeanne,Bleddon
Jincun,Elsbeth,Poizer
Ambatolaona,Natala,Winters
Mlalo,Fritz,Codner
Kaga Bandoro,Kingsly,Peartree
Shuigou’ao,Farica,Pavyer
Luyi,Yale,Bellas
Opatówek,Ardelia,Rontree
Lolayan,Mikey,Ingre
Udachny,Nikki,Hedau
Trindade,Trever,Barreau
Itapissuma,Laetitia,Shallcroff
Jatisari,Christi,Laible
Kabalen,Broddy,Fairy
Rochester,Fawne,Vaughan
Honglai,Donall,MacAnellye
Roshchino,Kayley,Mattholie
Bendorubuh,Joshia,Graith
Minbu,Stillman,Toretta
Rokytne,Humbert,Quipp
Esquipulas Palo Gordo,Irene,Eacle
Guangming,Josiah,Le Strange
Mannheim,Malynda,Froggatt
Ostroměř,Blithe,Larmet
Ambohitrolomahitsy,Alphonse,Memmory
Na Kae,Angelina,Semered
São Caetano do Sul,Biddie,Tumini
Póvoa,Basia,Kerwood
Taza,Tyrone,Pullan
Viloco,Murdoch,Mateos
Sufālat Samā’il,Terrance,Artis
Cincinnati,Vina,Dolby
Pailles,Marigold,Mariel
Nixi,Orson,Defew
Shuangxi,Alvin,Gunter
Maubin,Laura,Murford
Asahikawa,Mira,Damerell
Kojagete,Blanch,Grisley
Na Chueak,Christye,Mattiassi
Barretos,Darcie,Litchfield
Amagarapati,Gayle,Sidebotton
Embalse,Bard,Bingall
Choszczno,Kelley,Culverhouse
Maydolong,Kym,Kidby
Yuhuang,Everard,Hegge
Farmington,Traver,Keveren
Thị Trấn Mường Tè,Kassey,Brayson
Estrada,Rahel,Simmance
Portet-sur-Garonne,Avie,Crutchfield
Kuala Lumpur,Sibyl,Lace
Calibungan,Colin,Wass
Tengah,Valentin,Geggie
Hajoho,Ivette,Imlock
Tyringe,Rona,Champneys
Mingzhong,Kenna,Lomen
Wielgie,Perry,Halcro
Březová,Kyle,Rodder
Stockholm,Dorene,Birtonshaw
Dongyu,Burch,Harman
Ḩalwān,Johnette,Shackleton
Pasadena,Mahala,Winterborne
Āsbe Teferī,Urbain,Kevane
Didi Lilo,Raina,Honsch
Padej,Harley,Bengochea
Mehmand Chak,Christophorus,Ondrich
Benoy,Gabi,Arendsen
Jinshan,Kerianne,De Pero
Bang Rakam,Abner,Adnam
Sulo,Esme,Thirkettle
Hujia,Shina,Rosenblath
Mandala,Hort,Jewsbury
Miaoxi,Evelyn,Braban
Xin’an,Barri,Merrgan
Ziębice,Abigail,Saladino
Kloangpopot,Birgit,Cockayme
Pivka,Clyve,Muspratt
Shaogongzhuang,Lanita,Driutti
Kalinkavichy,Loise,Pointon
Seixo da Beira,Claudina,Farnes
Sugiharjo,Paige,Lincey
Lautaro,Carlie,Inkin
Åmål,Jarad,Kencott
Al Masallamiyya,Jamima,Crus
Pingdingshan,Finn,Chown
Goyang-si,Estele,Spring
Darovskoy,Ainslee,Vicar
Trélazé,Issy,Squire
Bugene,Halimeda,Husk
Tomelilla,Noelyn,Rippingall
Yong’an,Arlyne,Kynoch
Presidente Dutra,Massimo,Vedeshkin
Beiling,Cicily,Kyberd
Fundación,Henry,Kettow
Skokovi,Eduino,Moynham
Peterborough,Sergei,Muge
Saratak,Dacy,Hardey
Środa Wielkopolska,Norina,Siddons
Taihe,Bern,Hentze
Des Moines,Marjorie,Lacasa
Kraczkowa,Murial,Bambrugh
Jājarm,Idalia,Skinner
Sé,Easter,Paunsford
Razvanje,Cammy,Henkens
Paris 16,Cal,Opdenort
Clarin,Esdras,Conrart
Barranca,Twyla,Munton
Guanbuqiao,Brod,Reggiani
Cidikit Girang,Craggie,Stobbes
Lincuo,Emmeline,Mashal
Temizhbekskaya,Sibyl,Garretson
Grand Rapids,Jefferson,Gyles
Adolfo Lopez Mateos,Nicoli,Gounod
Nakhon Sawan,Carlie,Lorenz
Lengkong,Ivett,Farra
Biyang,Cob,Bridell
Custóias,Christy,Dillet
Yono,Ralina,Jentle
Petite Rivière de Nippes,Marven,MacCaull
Orsay,Alexio,Charge
Helsingborg,Adair,Greensall
Żurowa,Leroy,Tenwick
Wangdain,Carlina,Mc Harg
Älvsbyn,Sollie,Champ
Huambalpa,Arielle,Paulazzi
Nong Saeng,Lonni,Armstrong
Aykhal,Inglebert,Lattka
Santo Antônio do Amparo,Modestine,Toffolini
Mobai,Raymond,Jemmison
Tangguhang,Karen,Millan
Shiroishi,Dillon,Warriner
Santa Teresita,Ruthie,Goold
Semuda,Elnar,Alcorn
Oeba,Tildy,Ilden
Wolongquan,Stillmann,Mabbott
Corpus Christi,Diannne,Durbyn
Newark,Honoria,Cruikshank
Kraton,Horton,Wellings
Mantalongon,Ardene,Heineking
Tha Luang,Hilde,Attwood
Peza e Madhe,Yard,Tille
Kafr Qūd,Connie,McComas
Aytos,Anabel,Deny
Zalewo,Luise,Kibby
Bao’an,Mathias,Start
Pedra,Nonnah,Retchless
Lukrejo,Joana,Lusher
Ban Ko Lan,Margarita,Ros
Qingu,Esmeralda,Flores
Achiaman,Cullan,Sigert
Haarlem,Emlyn,Needham
Fagatogo,Paulette,Vawton
Brka,Rebbecca,Carmody
Champigny-sur-Marne,Sharai,Bullimore
Yima,Eustacia,Hamsley
Pajagan,Becky,Timberlake
Kajiado,Emerson,Foxon
Sandymount,Sonia,Procter
Tieshan,Sinclair,Dumbrall
Krasnokuts’k,Saree,Baildon
Lincheng,Carina,Stelfax
Los Charrúas,Ted,Reditt
Tame,Georg,Grunwald
Kiernozia,Roxie,Patience
Notsé,Ali,Balf
Rawson,Ruthann,Kropp
Srebrenik,Boigie,Franscioni
Uppsala,Molly,Bonass
Farsta,Sampson,Halcro
Bến Cầu,Adelind,Hyndley
Qaryūt,Arni,Hurn
Mirzāpur,Roderich,Poppleston
Raposos,Garek,Baillie
Chamalières,Laura,Quinion
Pirapora do Bom Jesus,Hermon,Cona
Kajaani,Raven,Serjeant
São Domingos do Maranhão,Mitchell,Shuter
Arlöv,Gigi,Janu
Shuangfeng,Lynn,Ruf
Haoguantun,Matthiew,McDuffie
Hanyin Chengguanzhen,Antonetta,Eadmead
Slobodskoy,Peta,Collingwood
Cerro Blanco,Ryun,Tabbernor
Zubin Potok,Cesaro,Billows
Yixingfu,Pearle,Leader
Gaocheng,Monroe,Cabera
New-Richmond,Eden,Mountlow
Marovoay,Dyna,Waggitt
Épinal,Yolanda,Basilio
Wien,Sybilla,Mayler
Montpellier,Edwina,Ridsdole
Hitachi,Marcela,Stearnes
Bitung,Jilly,Andrieux
Chiara,Emlyn,de Werk
Qibu,Zelig,Fleay
Ourentã,Davy,Skeermer
Nyíregyháza,Gerick,Ebbing
Mendez-Nuñez,Sabrina,Aleksandrikin
Tawali,Kayla,Larham
Lamas,Darcee,Chapiro
Jieznas,Glynda,Dax
Adelaide Mail Centre,Wilt,Carrodus
Cidade Velha,Celine,Coltman
Mando,Dolli,Enoch
Casal da Serra,Ninnetta,Duiguid
Basse-Terre,Eliot,Dziwisz
Dasuhe,Jacki,Tuley
Mulyosari,Nollie,Domney
Węgierska Górka,Casey,Wolfindale
Duoxiang,Roselle,Aasaf
Santiago,Blithe,Fiddler
Chotepe,Gale,Hooke
Ágios Matthaíos,Gerrard,Chafer
Salam,Broddy,Merali
Baiquan,Lannie,Mullan
Shiziling,Selena,Pordall
Sirnasari,Ramsey,O'Sheilds
La Bélgica,Candide,Lillgard
Kunshan,Brit,Spalls
Dolna Banya,Cathyleen,Tatford
Takanini,Cos,Labin
Irving,Hayes,Paladino
Ar Rubū‘,Toni,Nimmo
Bukomansimbi,Gregor,Folland
Mozi,Josefa,Varrow
Villa Allende,Florencia,Nouch
Cisiec,Paton,Marrow
San Miguel,Shela,Degoix
Porsgrunn,Jase,Scemp
Saint-Paul,Adolpho,Mellon
Grabovci,Coralyn,Peyro
Golbey,Mar,Ferrao
Kebonagung,Mersey,Dinesen
Malgobek,Marena,Chetham
Kthella e Epërme,Franny,Gabbot
Huangli,Abba,McIlvenny
Gouveia,Ruby,Arnoult
Gudja,Bartolomeo,Fetherstonhaugh
Tangshan,Reginald,Norvell
Daejeon,Catha,Brent
Guankou,Lorraine,Shafier
Kalawit,Nina,Assur
Matozinhos,Constantina,Kinig
Honolulu,Haze,Thurman
Banjar Buahan,Sunny,Truckett
Rizó,Cherida,Gilbard
Jeberos,Donica,Capinetti
Butubut Norte,Agneta,Mutimer
Gaio,Alejandrina,De Brett
San Alejandro,Jourdain,Muzzini
Kadurahayu,Fey,Walczynski
Atawutung,Missy,Richly
Quartier Morin,Robinette,Boig
Chernyshkovskiy,Isabelle,Ziemen
Şabāḩ as Sālim,Darrin,Lugg
Strömsund,Abigail,Bricket
Abbeville,Perrine,Kitchingham
Vitali,Pauline,Parks
Duut,Janetta,Verdie
Bunirasa,Agnola,Slight
Machachi,Quintina,Rogister
Idi Rayeuk,Birgitta,Ethington
Fezna,Leena,Patrick
Orléans,Arni,Maevela
Baisha,Sherm,Antonignetti
Sindi,Nicole,McOwen
Bang Mun Nak,Eleonore,Ziems
Georgetown,Jasen,Colnet
Provins,Nerita,Janovsky
Itápolis,Teresa,Owers
Pombal,Alfons,Yellowlea
San Lorenzo,Kaleb,Brayfield
Mintang,Stevena,Joisce
Guajiasi,Lark,Priter
Santa Bárbara d'Oeste,Darb,Cowey
New Kingston,Sabina,MacAskill
